{"homebrew_version":"2.1.11-141-gdb18713","used_options":[],"unused_options":[],"built_as_bottle":true,"poured_from_bottle":true,"installed_as_dependency":true,"installed_on_request":true,"changed_files":["INSTALL_RECEIPT.json","lib/pkgconfig/portaudio-2.0.pc","lib/pkgconfig/portaudiocpp.pc"],"time":1605632517,"source_modified_time":1477790584,"HEAD":null,"stdlib":"libcxx","compiler":"clang","aliases":[],"runtime_dependencies":[],"source":{"path":"/usr/local/Homebrew/Library/Taps/homebrew/homebrew-core/Formula/portaudio.rb","tap":"homebrew/core","spec":"stable","versions":{"stable":"19.6.0","devel":"","head":"HEAD","version_scheme":1}},"arch":"x86_64","built_on":null}