{"homebrew_version":"2.4.3-95-g7ed2ddd","used_options":[],"unused_options":[],"built_as_bottle":true,"poured_from_bottle":true,"installed_as_dependency":false,"installed_on_request":true,"changed_files":["bin/esdcompat","etc/pulse/default.pa","etc/pulse/system.pa","INSTALL_RECEIPT.json","etc/pulse/client.conf","etc/pulse/daemon.conf","homebrew.mxcl.pulseaudio.plist","lib/cmake/PulseAudio/PulseAudioConfig.cmake","lib/pkgconfig/libpulse-simple.pc","lib/pkgconfig/libpulse.pc","share/man/man1/pax11publish.1","share/man/man1/pulseaudio.1","share/man/man5/default.pa.5","share/man/man5/pulse-cli-syntax.5","share/man/man5/pulse-client.conf.5","share/man/man5/pulse-daemon.conf.5"],"time":1605633499,"source_modified_time":1568380928,"HEAD":null,"stdlib":null,"compiler":"clang","aliases":[],"runtime_dependencies":[{"full_name":"json-c","version":"0.15"},{"full_name":"libogg","version":"1.3.4"},{"full_name":"flac","version":"1.3.3"},{"full_name":"libvorbis","version":"1.3.7"},{"full_name":"opus","version":"1.3.1"},{"full_name":"libsndfile","version":"1.0.30"},{"full_name":"libsoxr","version":"0.1.3"},{"full_name":"libtool","version":"2.4.6"},{"full_name":"openssl@1.1","version":"1.1.1h"},{"full_name":"speexdsp","version":"1.2.0"},{"full_name":"gdbm","version":"1.18.1"}],"source":{"path":"/usr/local/Homebrew/Library/Taps/homebrew/homebrew-core/Formula/pulseaudio.rb","tap":"homebrew/core","spec":"stable","versions":{"stable":"13.0","devel":"","head":"HEAD","version_scheme":0}},"arch":"x86_64","built_on":null}