{"homebrew_version":"2.5.6-97-g4b6fe87","used_options":[],"unused_options":[],"built_as_bottle":true,"poured_from_bottle":true,"installed_as_dependency":true,"installed_on_request":false,"changed_files":["bin/gdbus-codegen","bin/glib-genmarshal","bin/glib-gettextize","bin/glib-mkenums","bin/gtester-report","INSTALL_RECEIPT.json","lib/pkgconfig/gio-2.0.pc","lib/pkgconfig/gio-unix-2.0.pc","lib/pkgconfig/glib-2.0.pc","lib/pkgconfig/gmodule-2.0.pc","lib/pkgconfig/gmodule-export-2.0.pc","lib/pkgconfig/gmodule-no-export-2.0.pc","lib/pkgconfig/gobject-2.0.pc","lib/pkgconfig/gthread-2.0.pc","share/gdb/auto-load/usr/local/Cellar/glib/2.66.2_1/lib/libglib-2.0.so.0.6600.2-gdb.py","share/gdb/auto-load/usr/local/Cellar/glib/2.66.2_1/lib/libgobject-2.0.so.0.6600.2-gdb.py"],"time":1605632510,"source_modified_time":1603119931,"HEAD":null,"stdlib":null,"compiler":"clang","aliases":[],"runtime_dependencies":[{"full_name":"gettext","version":"0.21"},{"full_name":"libffi","version":"3.3"},{"full_name":"pcre","version":"8.44"},{"full_name":"gdbm","version":"1.18.1"},{"full_name":"openssl@1.1","version":"1.1.1h"},{"full_name":"readline","version":"8.0.4"},{"full_name":"sqlite","version":"3.33.0"},{"full_name":"xz","version":"5.2.5"},{"full_name":"python@3.9","version":"3.9.0"}],"source":{"path":"/usr/local/Homebrew/Library/Taps/homebrew/homebrew-core/Formula/glib.rb","tap":"homebrew/core","spec":"stable","versions":{"stable":"2.66.2","head":"","version_scheme":0}},"arch":"x86_64","built_on":{"os":"Macintosh","os_version":"macOS 10.15.7","cpu_family":"penryn","xcode":"12.0.1","clt":"12.0.32.2"}}