<package version="0.0">
  <name>com.ferruslogic.library.fluidsynth</name>
  <title>FluidSynth</title>
  <author>FerrusLogic</author>
  <version>1.0.0</version>
  <license>community</license>
  <type>library</type>
  <requires name="com.livecode.foreign"/>
  <handler name="fsEnsureInitialize" parameters="" return="optional any"/>
  <handler name="fsLoadSoundFont" parameters="in string" return="integer"/>
  <handler name="fsNoteOn" parameters="in integer,in integer,in integer" return="any"/>
  <handler name="fsNoteOff" parameters="in integer,in integer" return="any"/>
  <handler name="fsPitchBend" parameters="in integer,in integer" return="any"/>
  <handler name="fsStopDriver" parameters="" return="any"/>
</package>