{"homebrew_version":"2.2.17-103-ga56c305","used_options":[],"unused_options":[],"built_as_bottle":true,"poured_from_bottle":true,"installed_as_dependency":true,"installed_on_request":false,"changed_files":["INSTALL_RECEIPT.json","lib/pkgconfig/ogg.pc"],"time":1605632512,"source_modified_time":1567266097,"HEAD":null,"stdlib":null,"compiler":"clang","aliases":[],"runtime_dependencies":[],"source":{"path":"/usr/local/Homebrew/Library/Taps/homebrew/homebrew-core/Formula/libogg.rb","tap":"homebrew/core","spec":"stable","versions":{"stable":"1.3.4","devel":"","head":"HEAD","version_scheme":0}},"arch":"x86_64","built_on":null}