{"homebrew_version":"2.4.3-49-g4290789","used_options":[],"unused_options":[],"built_as_bottle":true,"poured_from_bottle":true,"installed_as_dependency":true,"installed_on_request":false,"changed_files":["INSTALL_RECEIPT.json","lib/pkgconfig/vorbis.pc","lib/pkgconfig/vorbisenc.pc","lib/pkgconfig/vorbisfile.pc"],"time":1605632514,"source_modified_time":1593843685,"HEAD":null,"stdlib":null,"compiler":"clang","aliases":[],"runtime_dependencies":[{"full_name":"libogg","version":"1.3.4"}],"source":{"path":"/usr/local/Homebrew/Library/Taps/homebrew/homebrew-core/Formula/libvorbis.rb","tap":"homebrew/core","spec":"stable","versions":{"stable":"1.3.7","devel":"","head":"HEAD","version_scheme":0}},"arch":"x86_64","built_on":null}