{"homebrew_version":"2.2.6-18-g5b126ec","used_options":[],"unused_options":[],"built_as_bottle":true,"poured_from_bottle":true,"installed_as_dependency":true,"installed_on_request":false,"changed_files":["INSTALL_RECEIPT.json","lib/pkgconfig/readline.pc","share/doc/readline/INSTALL","share/readline/rl-fgets.c"],"time":1605632497,"source_modified_time":1545253636,"HEAD":null,"stdlib":null,"compiler":"clang","aliases":[],"runtime_dependencies":[],"source":{"path":"/usr/local/Homebrew/Library/Taps/homebrew/homebrew-core/Formula/readline.rb","tap":"homebrew/core","spec":"stable","versions":{"stable":"8.0.4","devel":"","head":"","version_scheme":0}},"arch":"x86_64","built_on":null}