{"homebrew_version":"2.2.17-103-ga56c305","used_options":[],"unused_options":[],"built_as_bottle":true,"poured_from_bottle":true,"installed_as_dependency":true,"installed_on_request":false,"changed_files":["INSTALL_RECEIPT.json","lib/pkgconfig/opus.pc"],"time":1605632515,"source_modified_time":1555106623,"HEAD":null,"stdlib":null,"compiler":"clang","aliases":[],"runtime_dependencies":[],"source":{"path":"/usr/local/Homebrew/Library/Taps/homebrew/homebrew-core/Formula/opus.rb","tap":"homebrew/core","spec":"stable","versions":{"stable":"1.3.1","devel":"","head":"HEAD","version_scheme":0}},"arch":"x86_64","built_on":null}