{"homebrew_version":"2.2.12-18-g740e024","used_options":[],"unused_options":[],"built_as_bottle":true,"poured_from_bottle":true,"installed_as_dependency":true,"installed_on_request":false,"changed_files":["INSTALL_RECEIPT.json","share/man/man1/pkg-config.1"],"time":1605632628,"source_modified_time":1490029698,"HEAD":null,"stdlib":null,"compiler":"clang","aliases":["pkgconfig"],"runtime_dependencies":[],"source":{"path":"/usr/local/Homebrew/Library/Taps/homebrew/homebrew-core/Formula/pkg-config.rb","tap":"homebrew/core","spec":"stable","versions":{"stable":"0.29.2","devel":"","head":"","version_scheme":0}},"arch":"x86_64","built_on":null}