<package version="0.0">
  <name>com.ferruslogic.library.fluidsynth</name>
  <title>LC FluidSynth</title>
  <author>FerrusLogic, Paul McClernan</author>
  <version>0.5</version>
  <license>community</license>
  <type>library</type>
  <requires name="com.livecode.foreign"/>
  <requires name="com.livecode.arithmetic"/>
  <requires name="com.livecode.binary"/>
  <requires name="com.livecode.list"/>
  <requires name="com.livecode.logic"/>
  <requires name="com.livecode.string"/>
  <requires name="com.livecode.type"/>
  <handler name="fsEnsureInitialize" parameters="" return="optional any"/>
  <handler name="fsLoadSoundFont" parameters="in string" return="integer"/>
  <handler name="fsMIDIPlayerInit" parameters="" return="optional any"/>
  <handler name="fsLoadMIDIFile" parameters="in string" return="optional any"/>
  <handler name="fsMIDIPlayerStop" parameters="" return="any"/>
  <handler name="fsMIDIPlayerPause" parameters="" return="any"/>
  <handler name="fsMIDIPlayerPlay" parameters="" return="any"/>
  <handler name="fsSystemReset" parameters="" return="any"/>
  <handler name="fsSetGain" parameters="in optional number" return="optional any"/>
  <handler name="fsGetGain" parameters="" return="optional any"/>
  <handler name="fsNoteOn" parameters="in integer,in integer,in integer" return="any"/>
  <handler name="fsNoteOff" parameters="in integer,in integer" return="any"/>
  <handler name="fsPitchBend" parameters="in integer,in integer" return="any"/>
  <handler name="fsProgramChange" parameters="in integer,in integer" return="any"/>
  <handler name="fsStopDriver" parameters="" return="any"/>
</package>