{"homebrew_version":"2.5.2-28-gdd3fdfc","used_options":[],"unused_options":[],"built_as_bottle":true,"poured_from_bottle":true,"installed_as_dependency":false,"installed_on_request":true,"changed_files":["INSTALL_RECEIPT.json","lib/pkgconfig/fluidsynth.pc"],"time":1605632626,"source_modified_time":1599855755,"HEAD":null,"stdlib":null,"compiler":"clang","aliases":["fluidsynth"],"runtime_dependencies":[{"full_name":"gettext","version":"0.21"},{"full_name":"libffi","version":"3.3"},{"full_name":"pcre","version":"8.44"},{"full_name":"gdbm","version":"1.18.1"},{"full_name":"openssl@1.1","version":"1.1.1h"},{"full_name":"readline","version":"8.0.4"},{"full_name":"sqlite","version":"3.33.0"},{"full_name":"xz","version":"5.2.5"},{"full_name":"python@3.9","version":"3.9.0"},{"full_name":"glib","version":"2.66.2"},{"full_name":"libogg","version":"1.3.4"},{"full_name":"flac","version":"1.3.3"},{"full_name":"libvorbis","version":"1.3.7"},{"full_name":"opus","version":"1.3.1"},{"full_name":"libsndfile","version":"1.0.30"},{"full_name":"portaudio","version":"19.6.0"}],"source":{"path":"/usr/local/Homebrew/Library/Taps/homebrew/homebrew-core/Formula/fluid-synth.rb","tap":"homebrew/core","spec":"stable","versions":{"stable":"2.1.5","head":"HEAD","version_scheme":0}},"arch":"x86_64","built_on":{"os":"Macintosh","os_version":"macOS 10.15.5","cpu_family":"penryn","xcode":"11.5","clt":"11.5.0.0.1.1588476445"}}