{"homebrew_version":"2.5.6-2-gb8a9327","used_options":[],"unused_options":[],"built_as_bottle":true,"poured_from_bottle":true,"installed_as_dependency":true,"installed_on_request":false,"changed_files":["INSTALL_RECEIPT.json","lib/pkgconfig/sndfile.pc"],"time":1605632516,"source_modified_time":1601817175,"HEAD":null,"stdlib":null,"compiler":"clang","aliases":[],"runtime_dependencies":[{"full_name":"libogg","version":"1.3.4"},{"full_name":"flac","version":"1.3.3"},{"full_name":"libvorbis","version":"1.3.7"},{"full_name":"opus","version":"1.3.1"}],"source":{"path":"/usr/local/Homebrew/Library/Taps/homebrew/homebrew-core/Formula/libsndfile.rb","tap":"homebrew/core","spec":"stable","versions":{"stable":"1.0.30","head":"","version_scheme":0}},"arch":"x86_64","built_on":{"os":"Macintosh","os_version":"macOS 10.15.7","cpu_family":"penryn","xcode":"12.0.1","clt":"12.0.32.2"}}