{"homebrew_version":"2.2.13-52-g04105ab","used_options":[],"unused_options":[],"built_as_bottle":true,"poured_from_bottle":true,"installed_as_dependency":true,"installed_on_request":false,"changed_files":["INSTALL_RECEIPT.json","lib/pkgconfig/libffi.pc"],"time":1605632484,"source_modified_time":1574525816,"HEAD":null,"stdlib":null,"compiler":"clang","aliases":[],"runtime_dependencies":[],"source":{"path":"/usr/local/Homebrew/Library/Taps/homebrew/homebrew-core/Formula/libffi.rb","tap":"homebrew/core","spec":"stable","versions":{"stable":"3.3","devel":"","head":"HEAD","version_scheme":0}},"arch":"x86_64","built_on":null}