{"homebrew_version":"2.2.17-103-ga56c305","used_options":[],"unused_options":[],"built_as_bottle":true,"poured_from_bottle":true,"installed_as_dependency":true,"installed_on_request":false,"changed_files":["INSTALL_RECEIPT.json","lib/pkgconfig/flac++.pc","lib/pkgconfig/flac.pc"],"time":1605632513,"source_modified_time":1564907251,"HEAD":null,"stdlib":"libcxx","compiler":"clang","aliases":[],"runtime_dependencies":[{"full_name":"libogg","version":"1.3.4"}],"source":{"path":"/usr/local/Homebrew/Library/Taps/homebrew/homebrew-core/Formula/flac.rb","tap":"homebrew/core","spec":"stable","versions":{"stable":"1.3.3","devel":"","head":"HEAD","version_scheme":0}},"arch":"x86_64","built_on":null}