{"homebrew_version":"2.2.5-50-ge20e366","used_options":[],"unused_options":[],"built_as_bottle":true,"poured_from_bottle":true,"installed_as_dependency":true,"installed_on_request":false,"changed_files":["bin/pcre-config","INSTALL_RECEIPT.json","README","lib/pkgconfig/libpcre.pc","lib/pkgconfig/libpcre16.pc","lib/pkgconfig/libpcre32.pc","lib/pkgconfig/libpcrecpp.pc","lib/pkgconfig/libpcreposix.pc","share/doc/pcre/README","share/man/man1/pcre-config.1","share/man/man3/pcredemo.3","share/man/man3/pcresample.3"],"time":1605632485,"source_modified_time":1581528922,"HEAD":null,"stdlib":"libcxx","compiler":"clang","aliases":["pcre1"],"runtime_dependencies":[],"source":{"path":"/usr/local/Homebrew/Library/Taps/homebrew/homebrew-core/Formula/pcre.rb","tap":"homebrew/core","spec":"stable","versions":{"stable":"8.44","devel":"","head":"HEAD","version_scheme":0}},"arch":"x86_64","built_on":null}